DETLOC,Name,OrigName,County,StateAAORDMD,Anne Arundel County Correctional Center,ANNE ARUNDEL COUNTY ORDNANCE ROAD CORRECTIONAL CTR,ANNE ARUNDEL,MDABQHOLD,ALBUQUERQUE HOLD ROOM,ALBUQUERQUE HOLD ROOM,BERNALILLO,NMABRXSPA,ABRAXAS ACADEMY DETENTION CENTER,ABRAXAS ACADEMY DETENTION CENTER,BERKS,PAADLNTCA,ADELANTO ICE PROCESSING CENTER,ADELANTO ICE PROCESSING CENTER,SAN BERNARDINO,CAAFRC,ARTESIA FAMILY RESIDENTIAL CENTER,ARTESIA FAMILY RESIDENTIAL CENTER,COUNTY,NMAGMDCCA,ANAHEIM GLOBAL MEDICAL CENTER,ANAHEIM GLOBAL MEDICAL CENTER,ORANGE,CAALBCONY,ALBANY COUNTY JAIL,ALBANY COUNTY JAIL,KINGS,NYALEXAVA,ALEXANDRIA CITY JAIL,ALEXANDRIA CITY JAIL,ALEXANDRIA CITY,VAALLEGNY,ALLEGANY COUNTY JAIL,ALLEGANY COUNTY JAIL,ALLEGANY,NYALLEGPA,ALLEGHENY COUNTY JAIL,ALLEGHENY COUNTY JAIL,ALLEGHENY,PAANCHOAK,ANCHORAGE CORRECTIONAL COMPLEX,ANCHORAGE CORRECTIONAL COMPLEX,ANCHORAGE,AKAPIBHCA,ALVARADO PARKWAY INSTITUTE,ALVARADO PARKWAY INSTITUTE,SAN DIEGO,CAAPPSCLA,ALLEN PARISH PUBLIC SAFETY COMPLEX,ALLEN PARISH PUBLIC SAFETY COMPLEX,ALLEN,LAARRMCCA,Arrowhead Regional Medical Center,ARROWHEAD REGIONAL MED CENTER,COUNTY,CAASHRSFL,ATLANTIC SHORES HOSPITAL,ATLANTIC SHORES HOSPITAL,BROWARD,FLATLANGA,ATLANTA CITY DETENTION CENTER,ATLANTA CITY DETENTION CENTER,FULTON,GAATLHOLD,ATLANTA DISTRICT HOLD ROOM,ATLANTA DISTRICT HOLD ROOM,FULTON,GABAKERFL,BAKER COUNTY SHERIFF'S OFFICE,BAKER COUNTY SHERIFF'S OFFICE,BAKER,FLBALDWAL,BALDWIN COUNTY CORRECTIONAL CENTER,BALDWIN COUNTY CORRECTIONAL CENTER,BALDWIN,ALBALHOLD,Baltimore Field Office,BALTIMORE DD&P,BALTIMORE,MDBASILLA,SOUTH LOUISIANA DETENTION CENTER,SOUTH LOUISIANA DETENTION CENTER,EVANGELINE,LABEAVRPA,BEAVER COUNTY JAIL,BEAVER COUNTY JAIL,BEAVER,PABEDCITX,BEDFORD MUNICIPAL DETENTION CENTER,BEDFORD MUNICIPAL DETENTION CENTER,TARRANT,TXBEDFOOH,BEDFORD HEIGHTS CITY JAIL,BEDFORD HEIGHTS CITY JAIL,CUYAHOGA,OHBEFAMPA,BERKS COUNTY FAMILY SHELTER,BERKS COUNTY FAMILY SHELTER,BERKS,PABERGENJ,BERGEN COUNTY JAIL,BERGEN COUNTY JAIL,BERGEN,NJBKLHOLD,BAKERFIELD HOLD,BAKERFIELD HOLD,SUMMIT,CABLHHOLD,BELLINGHAM HOLDROOM,BELLINGHAM BPS ERO HOLDROOM,WHATCOM,WABOONEKY,BOONE COUNTY JAIL,BOONE COUNTY JAIL,BOONE,KYBOPCAA,United States Penitentiary Canaan,USP CANAAN,WAYNE,PABOPHON,HONOLULU FEDERAL DETENTION CENTER,HONOLULU FEDERAL DETENTION CENTER,HONOLULU,HIBOPOAD,OAKDALE FEDERAL DETENTION CENTER,OAKDALE FEDERAL DETENTION CENTER,ALLEN,LABOPSDC,SAN DIEGO Municipal Correctional Center,SAN DIEGO MCC,SAN DIEGO,CABOPSPG,SPRINGFIELD FEDERAL MEDICAL CENTER,SPRINGFIELD FEDERAL MEDICAL CENTER,GREENE,MOBOPTHA,TERRE HAUTE United States Penitentiary,TERRE HAUTE USP,VIGO,INBREMEIA,BREMER COUNTY JAIL,BREMER COUNTY JAIL,BREMER,IABRINDMA,BRISTOL COUNTY DETENTION CENTER,BRISTOL COUNTY DETENTION CENTER,BRISTOL,MABROKSTX,BROOKS COUNTY DETENTION CENTER,BROOKS COUNTY DETENTION CENTER,BROOKS,TXBTV,BUFFALO (BATAVIA) SERVICE PROCESSING CENTER,BUFFALO (BATAVIA) SERVICE PROCESSING CENTER,GENESEE,NYBURNETX,BURNET COUNTY JAIL,BURNET COUNTY JAIL,BURNET,TXBUTLEKS,BUTLER COUNTY JAIL,BUTLER COUNTY JAIL,BUTLER,KSBUTLEOH,BUTLER COUNTY JAIL,BUTLER COUNTY JAIL,BUTLER,OHBWMARCA,BEST WESTERN MARINA,BEST WESTERN MARINA,SAN DIEGO,CACACFMES,MESA VERDE DETENTION FACILITY,MESA VERDE DETENTION FACILITY,KERN,CACACHEUT,CACHE COUNTY JAIL,CACHE COUNTY JAIL,CACHE,UTCACTYCA,CALIFORNIA CITY CORRECTIONAL CENTER,CALIFORNIA CITY CORRECTIONAL CENTER,KERN,CACALDWMO,CALDWELL COUNTY DETENTION CENTER,CALDWELL COUNTY DETENTION CENTER,CALDWELL,MOCALHOMI,CALHOUN COUNTY CORRECTIONAL CENTER,CALHOUN COUNTY CORRECTIONAL CENTER,BRANCH,MICAMBRPA,CAMBRIA COUNTY JAIL,CAMBRIA COUNTY JAIL,CAMBRIA,PACARJAMN,CARVER COUNTY JAIL,CARVER COUNTY JAIL,CARVER,MNCASCAMT,CASCADE COUNTY JAIL MONTANA,CASCADE COUNTY JAIL (MONTANA),CASCADE,MTCASSCNE,CASS COUNTY JAIL,CASS COUNTY JAIL,CASS,NECBENDTX,COASTAL BEND DETENTION FACILITY,COASTAL BEND DETENTION FACILITY,NUECES,TXCCADCAZ,CENTRAL ARIZONA DETENTION CENTER,CCA CENTRAL ARIZONA DETENTION CENTER,PINAL,AZCCAFLAZ,FLORENCE CORRECTIONAL CENTER,"CCA, FLORENCE CORRECTIONAL CENTER",PINAL,AZCCAHUTX,T. Don Hutto Residential Center,HUTTO CCA,WILLIAMSON,TXCCANOOH,NORTHEAST OHIO CORRECTIONAL Center,NORTHEAST OHIO CORRECTIONAL CTR (YOUNGSTOWN CDF),MAHONING,OHCCASDCA,OTAY MESA DETENTION CENTER,OTAY MESA DETENTION CENTER (SAN DIEGO CDF),SAN DIEGO,CACHACONY,CHAUTAUQUA COUNTY JAIL,CHAUTAUQUA COUNTY JAIL,CHAUTAUQUA,NYCHARLSC,CHARLESTON COUNTY DETENTION CENTER,CHARLESTON COUNTY DETENTION CENTER,CHARLESTON,SCCHASEKS,CHASE COUNTY DETENTION FACILITY,CHASE COUNTY DETENTION FACILITY,CHASE,KSCHIPPMI,CHIPPEWA COUNTY Jail,CHIPPEWA COUNTY SSM,CHIPPEWA,MICHRISMO,CHRISTIAN COUNTY JAIL,CHRISTIAN COUNTY JAIL,CHRISTIAN,MOCIBOCNM,CIBOLA COUNTY CORRECTIONAL CENTER,CIBOLA COUNTY CORRECTIONAL CENTER,CIBOLA,NMCKHOSFL,COLUMBIA KENDAL HOSPITAL,COLUMBIA KENDAL HOSPITAL,MIAMI-DADE,FLCLAYCIN,CLAY COUNTY JAIL,CLAY COUNTY JAIL,CLAY,INCLICONY,CLINTON COUNTY JAIL,CLINTON COUNTY JAIL,CLINTON,NYCLINTPA,CLINTON COUNTY CORRECTIONAL FACILITY,CLINTON COUNTY CORRECTIONAL FACILITY,CLINTON,PACOBBJGA,COBB COUNTY JAIL,COBB COUNTY JAIL,COBB,GACOLCASC,COLUMBIA CARE CENTER,COLUMBIA CARE CENTER,RICHLAND,SCCOLLIFL,COLLIER COUNTY NAPLES JAIL CENTER,COLLIER COUNTY NAPLES JAIL CENTER,COLLIER,FLCOLUMOR,COLUMBIA COUNTY JAIL,COLUMBIA COUNTY JAIL,COLUMBIA,ORCOMFTFL,COMFORT SUITES HOTEL,COMFORT SUITES HOTEL,MIAMI-DADE,FLCONCOCA,CONTRA COSTA COUNTY JAIL,CONTRA COSTA COUNTY JAIL,CONTRA COSTA,CACONWECA,CONTRA COSTA COUNTY JAIL WEST,CONTRA COSTA COUNTY JAIL WEST,CONTRA COSTA,CACOWJVWA,COWLITZ COUNTY JUVENILE,COWLITZ COUNTY JUVENILE,COWLITZ,WACRYCCTX,CRYSTAL CITY CORRECTIONAL CENTER,CRYSTAL CITY CORRECTIONAL CENTER,ZAVALA,TXCSCNWWA,NORTHWEST DETENTION CENTER,NORTHWEST DETENTION CENTER,PIERCE,WACUMBEME,CUMBERLAND COUNTY JAIL,CUMBERLAND COUNTY JAIL,CUMBERLAND,MEDAKOTNE,DAKOTA COUNTY JAIL,DAKOTA COUNTY JAIL,DAKOTA,NEDALCOTX,LEW STERRETT JUSTICE CENTER,DALLAS COUNTY JAIL - LEW STERRETT JUSTICE CENTER,DALLAS,TXDALHOLD,DALLAS FIELD OFFICE HOLD ROOM,DALLAS FIELD OFFICE HOLD ROOM,DALLAS,TXDAVIDTN,DAVIDSON COUNTY SHERIFF,DAVIDSON COUNTY SHERIFF,DAVIDSON,TNDEAPDMI,DEARBORN POLICE DEPARTMENT,DEARBORN POLICE DEPARTMENT,WAYNE,MIDEKALAL,DEKALB COUNTY DETENTION CENTER,DEKALB COUNTY DETENTION CENTER,DEKALB,ALDELAWPA,DELAWARE County jail,DELAWARE CO JAIL (GEORGE W. HILL),DELAWARE,PADENHOLD,DENVER HOLD ROOM,DENVER HOLD ROOM,DENVER,CODENICDF,DENVER CONTRACT DETENTION FACILITY,DENVER CONTRACT DETENTION FACILITY,ARAPAHOE,CODHDFNJ,DELANEY HALL DETENTION FACILITY,DELANEY HALL DETENTION FACILITY,NEWARK,NJDLRHOLD,DEL RIO HOLD ROOM,DEL RIO HOLD ROOM,VAL VERDE,TXDOCORNE,DOUGLAS COUNTY DEPARTMENT OF CORRECTIONS,DOUGLAS COUNTY DEPARTMENT OF CORRECTIONS,DOUGLAS,NEDODGEWI,DODGE COUNTY JAIL,DODGE COUNTY JAIL,DODGE,WIDONAANM,DONA ANA COUNTY DETENTION CENTER,DONA ANA COUNTY DETENTION CENTER,DONA ANA,NMDSRTVCA,DESERT VALLEY HOSPITAL,DESERT VALLEY HOSPITAL,COUNTY,CAEAZ,ELOY FEDERAL CONTRACT FACILITY,ELOY FEDERAL CONTRACT FACILITY,PINAL,AZECC,EL CENTRO SERVICE PROCESSING CENTER,EL CENTRO SERVICE PROCESSING CENTER,IMPERIAL,CAEHDLGTX,EAST HIDALGO DETENTION CENTER,EAST HIDALGO DETENTION CENTER,HIDALGO,TXELGPDIL,ELGIN POLICE DEPARTMENT,ELGIN POLICE DEPARTMENT,KANE,ILELMORID,ELMORE COUNTY JAIL,ELMORE COUNTY JAIL,ELMORE,IDELPASCO,EL PASO COUNTY CRIMINAL JUSTICE CENTER,EL PASO COUNTY CRIMINAL JUSTICE CENTER,EL PASO,COELPHOLD,EL PASO HOLD ROOM,EL PASO HOLD ROOM,EL PASO,TXELZICDF,ELIZABETH CONTRACT DETENTION FACILITY,ELIZABETH CONTRACT DETENTION FACILITY,UNION,NJEPC,EL PASO SERVICE PROCESSING CENTER,EL PASO SERVICE PROCESSING CENTER,EL PASO,TXEPCJUVI,EL PASO JUVENILE,EL PASO JUVENILE,EL PASO,TXERICOPA,ERIE COUNTY JAIL,ERIE COUNTY JAIL,ERIE,PAESSEXNJ,ESSEX COUNTY CORRECTIONAL FACILITY,ESSEX COUNTY CORRECTIONAL FACILITY,ESSEX,NJETOWAAL,ETOWAH COUNTY JAIL,ETOWAH COUNTY JAIL (ALABAMA),ETOWAH,ALEULESTX,EULESS CITY JAIL,EULESS CITY JAIL,TARRANT,TXFAYETKY,FAYETTE COUNTY DETENTION CENTER,FAYETTE COUNTY DETENTION CENTER,FAYETTE,KYFLO,FLORENCE SERVICE PROCESSING CENTER,FLORENCE SERVICE PROCESSING CENTER,PINAL,AZFORSYNC,FORSYTH COUNTY JAIL,FORSYTH COUNTY JAIL,FORSYTH,NCFREDEMD,FREDERICK COUNTY DETENTION CENTER,FREDERICK COUNTY DETENTION CENTER,FREDERICK,MDFREEBMN,FREEBORN COUNTY ADULT DETENTION CENTER,FREEBORN COUNTY ADULT DETENTION CENTER,FREEBORN,MNFREHOLD,FRESNO HOLDROOM,FRESNO HOLDROOM,FRESNO,CAFREMOCO,FREMONT COUNTY JAIL,FREMONT COUNTY JAIL (COLORADO),FREMONT,COFRMVLVA,IMMIGRATION CENTERS OF AMERICA FARMVILLE,IMMIGRATION CENTERS OF AMERICA FARMVILLE,PRINCE EDWARD,VAFSF,FLORENCE STAGING FACILITY,FLORENCE STAGING FACILITY,PINAL,AZFXADCVA,FAIRFAX COUNTY ADULT DETENTION CENTER,FAIRFAX COUNTY ADULT DETENTION CENTER,FAIRFAX,VAGARVIOK,GARVIN COUNTY DETENTION CENTER,GARVIN COUNTY DETENTION CENTER,GARVIN,OKGEAUGOH,GEAUGA COUNTY JAIL,GEAUGA COUNTY JAIL,GEAUGA,OHGFCORND,GRAND FORKS COUNTY CORRECTIONAL FACILITY,GRAND FORKS COUNTY CORRECTIONAL FACILITY,GRAND FORKS,NDGLADEFL,GLADES COUNTY DETENTION CENTER,GLADES COUNTY DETENTION CENTER,GLADES,FLGRAYSKY,GRAYSON COUNTY JAIL,GRAYSON COUNTY JAIL,GRAYSON,KYGREENMA,FRANKLIN COUNTY HOUSE OF CORRECTION,FRANKLIN COUNTY HOUSE OF CORRECTION,FRANKLIN,MAHALLJGA,HALL COUNTY JAIL,HALL COUNTY JAIL,HALL,GAHARDJIA,HARDIN COUNTY JAIL,HARDIN COUNTY JAIL,HARDIN,IAHASHENE,HALL COUNTY DEPARTMENT OF CORRECTIONS,HALL COUNTY DEPARTMENT OF CORRECTIONS,HALL,NEHASKLTX,ROLLING PLAINS DETENTION CENTER,ROLLING PLAINS DETENTION CENTER,HASKELL,TXHCPSYTX,HARRIS COUNTY PSYCHIATRIC CENTER,HARRIS COUNTY PSYCHIATRIC CENTER,HARRIS,TXHENDENC,HENDERSON COUNTY DETENTION FACILITY,HENDERSON COUNTY DETENTION FACILITY,HENDERSON,NCHENDENV,HENDERSON DETENTION CENTER,HENDERSON DETENTION CENTER,CLARK,NVHIDALTX,HIDALGO COUNTY JAIL,HIDALGO COUNTY JAIL,HIDALGO,TXHLGHOLD,HARLINGEN HOLD ROOM,HARLINGEN HOLD ROOM,CAMERON,TXHMCHOTX,HARLINGEN MEDICAL CENTER,HARLINGEN MEDICAL CENTER,CAMERON,TXHOUHOLD,HOUSTON FIELD OFFICE HOLD ROOM,HOUSTON FIELD OFFICE HOLD ROOM,HARRIS,TXHOUICDF,HOUSTON CONTRACT DETENTION FACILITY,HOUSTON CONTRACT DETENTION FACILITY,HARRIS,TXHOWARMD,HOWARD COUNTY DETENTION CENTER,HOWARD COUNTY DETENTION CENTER,HOWARD,MDHPBRGTX,HOPEBRIDGE HOSPITAL,HOPEBRIDGE HOSPITAL,HARRIS,TXHRREGVA,HAMPTON ROADS REGIONAL JAIL,HAMPTON ROADS REGIONAL JAIL,PORTSMOUTH CITY,VAHUDSONJ,HUDSON COUNTY CORRECTIONAL CENTER,HUDSON COUNTY CORRECTIONAL CENTER,HUDSON,NJIEPHOLD,ICE EL PASO HOLD ROOM,ICE EL PASO HOLD ROOM,EL PASO,TXIRADFCA,IMPERIAL REGIONAL DETENTION FACILITY,IMPERIAL REGIONAL DETENTION FACILITY,IMPERIAL,CAIRWINGA,IRWIN COUNTY DETENTION CENTER,IRWIN COUNTY DETENTION CENTER,IRWIN,GAIWAHOLD,AROCC,AZ REM OP COORD CENTER (AROCC),MARICOPA,AZJAMESGA,FOLKSTON ICE PROCESSING CENTER,FOLKSTON ICE PROCESSING CENTER (D. RAY JAMES),CHARLTON,GAJEFFEID,JEFFERSON COUNTY JAIL,JEFFERSON COUNTY JAIL,JEFFERSON,IDJENADLA,JENA/LASALLE DETENTION FACILITY,JENA/LASALLE DETENTION FACILITY,LA SALLE,LAJENATLA,ALEXANDRIA STAGING FACILITY,ALEXANDRIA STAGING FACILITY,COUNTY,LAJHRWLTX,JACK HARWELL DETENTION CENTER,JACK HARWELL DETENTION CENTER,MCLENNAN,TXJOHNSTX,JOHNSON COUNTY CORRECTIONS CENTER,JOHNSON COUNTY CORRECTIONS CENTER,JOHNSON,TXJOSEPOR,JOSEPHINE COUNTY JAIL,JOSEPHINE COUNTY JAIL,JOSEPHINE,ORKANDIMN,KANDIYOHI COUNTY JAIL,KANDIYOHI COUNTY JAIL,KANDIYOHI,MNKANKEIL,KANKAKEE COUNTY JAIL,KANKAKEE COUNTY JAIL (JEROME COMBS DET CTR),KANKAKEE,ILKARNETX,KARNES COUNTY CORRECTIONAL CENTER,KARNES COUNTY CORRECTIONAL CENTER,KARNES,TXKCCDCTX,KARNES COUNTY RESIDENTIAL CENTER,KARNES COUNTY RESIDENTIAL CENTER,KARNES,TXKCCDCTX,KARNES COUNTY CIVIL DETENTION CENTER,KARNES COUNTY CIVIL DETENTION CENTER,KARNES,TXKENOSWI,KENOSHA COUNTY DETENTION CENTER,KENOSHA COUNTY DETENTION CENTER,KENOSHA,WIKENTCMI,KENT COUNTY JAIL,KENT COUNTY JAIL,KENT,MIKRO,KROME NORTH SERVICE PROCESSING CENTER,KROME NORTH SERVICE PROCESSING CENTER,MIAMI-DADE,FLLAPAZAZ,LA PAZ COUNTY ADULT DETENTION FACILITY,LA PAZ COUNTY ADULT DETENTION FACILITY,LA PAZ,AZLASALTX,LASALLE COUNTY JAIL,LASALLE COUNTY JAIL,LA SALLE,TXLEXINSC,LEXINGTON COUNTY JAIL,LEXINGTON COUNTY JAIL,LEXINGTON,SCLINCOMO,LINCOLN COUNTY DETENTION CENTER,LINCOLN COUNTY DETENTION CENTER,LINCOLN,MOLINNJIA,LINN COUNTY JAIL,LINN COUNTY JAIL,LINN,IALIVINNY,LIVINGSTON COUNTY JAIL,LIVINGSTON COUNTY JAIL,LIVINGSTON,NYLONPDAR,LONOKE POLICE DEPARTMENT,LONOKE POLICE DEPARTMENT,LONOKE,ARLOSHOLD,LOS ANGELES CUSTODY CASE,LOS ANGELES CUSTODY CASE,LOS ANGELES,CALRDICDF,LAREDO PROCESSING CENTER,LAREDO PROCESSING CENTER,WEBB,TXLRKNHFL,LARKIN HOSPITAL,LARKIN HOSPITAL,MIAMI-DADE,FLLSFHOLD,LOS FRESNOS HOLD ROOM,LOS FRESNOS HOLD ROOM,CAMERON,TXLSRDCTX,LA SALLE COUNTY REGIONAL DETENTION CENTER,LA SALLE COUNTY REGIONAL DETENTION CENTER,LA SALLE,TXLUBBOTX,LUBBOCK COUNTY DETENTION CENTER,LUBBOCK COUNTY DETENTION CENTER,LUBBOCK,TXMABSHOS,BRIDGEWATER STATE HOSPITAL,BRIDGEWATER STATE HOSPITAL,PLYMOUTH,MAMARIOIN,MARION COUNTY JAIL,MARION COUNTY JAIL,MARION,INMARSHIA,MARSHALL COUNTY JAIL,MARSHALL COUNTY JAIL,MARSHALL,IAMCFAJAZ,MARICOPA COUNTY JAIL,MARICOPA COUNTY JAIL,MARICOPA,AZMCHENIL,MCHENRY COUNTY CORRECTIONAL FACILITY,MCHENRY COUNTY CORRECTIONAL FACILITY,MCHENRY,ILMECKLNC,MECKLENBURG COUNTY DETENTION CENTER NORTH,MECKLENBURG COUNTY DETENTION CENTER NORTH,MECKLENBURG,NCMIAHOLD,MIAMI DISTRICT,MIAMI DISTRICT,MIAMI-DADE,FLMILLRAR,MILLER COUNTY JAIL,MILLER COUNTY JAIL,MILLER,ARMINICID,MINICASSIA DETENTION CENTER,MINICASSIA DETENTION CENTER,CASSIA,IDMIRPNOG,NOGALES PROCESSING CENTER,NOGALES PROCESSING CENTER,SANTA CRUZ,AZMISCOMO,MISSISSIPPI COUNTY DETENTION CENTER,MISSISSIPPI COUNTY DETENTION CENTER,MISSISSIPPI,MOMNROEMI,MONROE COUNTY DETENTION MAIN,MONROE COUNTY DETENTION MAIN,MONROE,MIMNTGMAL,MONTGOMERY CITY JAIL,MONTGOMERY CITY JAIL,MONTGOMERY,ALMOFFECO,MOFFAT COUNTY JAIL,MOFFAT COUNTY JAIL,MOFFAT,COMONROFL,MONROE COUNTY DETENTION CENTER,MONROE COUNTY DETENTION CENTER,MONROE,FLMONROMI,MONROE COUNTY DETENTION-DORM,MONROE COUNTY DETENTION-DORM,MONROE,MIMONTGMO,MONTGOMERY COUNTY JAIL,MONTGOMERY COUNTY JAIL,MONTGOMERY,MOMONTGPA,MONTGOMERY COUNTY CORRECTIONAL FACILITY,MONTGOMERY COUNTY CORRECTIONAL FACILITY,MONTGOMERY,PAMONTGTX,JOE CORLEY DETENTION FACILITY,JOE CORLEY DETENTION FACILITY,MONTGOMERY,TXMORGNMO,MORGAN COUNTY ADULT DETENTION CENTER,MORGAN COUNTY ADULT DETENTION CENTER,MORGAN,MOMOROWOH,MORROW COUNTY CORRECTIONAL FACILITY,MORROW COUNTY CORRECTIONAL FACILITY,MORROW,OHMSF,MIAMI STAGING FACILITY,MIAMI STAGING FACILITY,MIAMI-DADE,FLMUSIKCA,JAMES A. MUSICK FACILITY,JAMES A. MUSICK FACILITY,ORANGE,CANATROWY,NATRONA COUNTY JAIL,NATRONA COUNTY JAIL,NATRONA,WYNEWHOLD,NEWark HOLD ROOM,NEW/INS OS HOLD ROOM,ESSEX,NJNGDCTGA,NORTH GEORGIA DETENTION CENTER,NORTH GEORGIA DETENTION CENTER,HALL,GANOBLEMN,NOBLES COUNTY JAIL,NOBLES COUNTY JAIL,NICOLLET,MNNOJUVOR,NORTHERN OREGON JUVENILE DETENTION,NORTHERN OREGON JUVENILE DETENTION,WASCO,ORNORCOOR,NORTHERN OREGON CORRECTIONAL FACILITY,NORTHERN OREGON CORRECTIONAL FACILITY,WASCO,ORNORFOMA,NORFOLK COUNTY JAIL,NORFOLK COUNTY JAIL,NORFOLK,MANORFOVA,NORFOLK CITY JAIL,NORFOLK CITY JAIL,NORFOLK CITY,VANVJDCVA,NORTHERN VIRGINIA JUVENILE DETENTION CENTER,NORTHERN VIRGINIA JUVENILE DETENTION CENTER,COUNTY,VANVSDCNV,NEVADA SOUTHERN DETENTION CENTER,NEVADA SOUTHERN DETENTION CENTER,NYE,NVNWHNVNC,NEW HANOVER COUNTY JAIL,NEW HANOVER COUNTY JAIL,NEW HANOVER,NCOCIRCCA,ORANGE COUNTY INTAKE RELEASE FACILITY,ORANGE COUNTY INTAKE RELEASE FACILITY,ORANGE,CAOKMULOK,OKMULGEE COUNTY JAIL,OKMULGEE COUNTY JAIL,OKMULGEE,OKOLDHAKY,OLDHAM COUNTY JAIL,OLDHAM COUNTY JAIL,OLDHAM,KYONTARNY,ONTARIO COUNTY JAIL,ONTARIO COUNTY JAIL,ONTARIO,NYORANGFL,ORANGE COUNTY JAIL,ORANGE COUNTY JAIL,ORANGE,FLORANGNY,ORANGE COUNTY JAIL,ORANGE COUNTY JAIL,ORANGE,NYOTROPNM,OTERO COUNTY PRISON FACILITY,OTERO COUNTY PRISON FACILITY,DONA ANA,NMOTRPCNM,OTERO COUNTY PROCESSING CENTER,OTERO COUNTY PROCESSING CENTER,DONA ANA,NMPCSHOLD,PECOS HOLD ROOM,PECOS HOLD ROOM,REEVES,TXPENNISD,PENNINGTON COUNTY JAIL,PENNINGTON COUNTY JAIL (SOUTH DAKOTA),PENNINGTON,SDPHELPNE,PHELPS COUNTY JAIL,PHELPS COUNTY JAIL,PHELPS,NEPHIHOLD,PHILADELPHIA DISTRICT OFFICE HOLD ROOM,PHILADELPHIA DISTRICT OFFICE HOLD ROOM,PHILADELPHIA,PAPHOHOLD,PHOENIX DISTRICT OFFICE,PHOENIX DISTRICT OFFICE,MARICOPA,AZPIC,PORT ISABEL,PORT ISABEL,CAMERON,TXPIKCOPA,PIKE COUNTY CORRECTIONAL FACILITY,PIKE COUNTY CORRECTIONAL FACILITY,PIKE,PAPIMAJAZ,PIMA COUNTY JAIL,PIMA COUNTY JAIL,PIMA,AZPINALAZ,PINAL COUNTY JAIL,PINAL COUNTY JAIL,PINAL,AZPINELFL,PINELLAS COUNTY JAIL,PINELLAS COUNTY JAIL,PINELLAS,FLPINEPLA,PINE PRAIRIE CORRECTIONAL CENTER,PINE PRAIRIE CORRECTIONAL CENTER,EVANGELINE,LAPLATTMO,PLATTE COUNTY DETENTION CENTER,PLATTE COUNTY DETENTION CENTER,PLATTE,MOPLATTWY,PLATTE COUNTY JAIL,PLATTE COUNTY JAIL,PLATTE,WYPLYMOMA,PLYMOUTH COUNTY CORRECTIONAL FACILITY,PLYMOUTH COUNTY CORRECTIONAL FACILITY,PLYMOUTH,MAPMHOSFL,PALMETTO HOSPITAL,PALMETTO HOSPITAL,MIAMI-DADE,FLPOLKCTX,POLK COUNTY ADULT DETENTION FACILITY,POLK COUNTY ADULT DETENTION FACILITY,POLK,TXPOLKJIA,POLK COUNTY JAIL,POLK COUNTY JAIL,POLK,IAPOTTAIA,POTTAWATTAMIE COUNTY JAIL,POTTAWATTAMIE COUNTY JAIL,POTTAWATTAMIE,IAPRLDCTX,PRAIRIELAND DETENTION FACILITY,PRAIRIELAND DETENTION FACILITY,JOHNSON,TXPULASIL,PULASKI COUNTY JAIL,PULASKI COUNTY JAIL,PULASKI,ILQLTYSCA,QUALITY SUITES,QUALITY SUITES,SAN DIEGO,CARAADCMN,RAMSEY COUNTY ADULT DETENTION CENTER,RAMSEY COUNTY ADULT DETENTION CENTER,RAMSEY,MNRAPPSVA,RAPPAHANNOCK REGIONAL JAIL,RAPPAHANNOCK REGIONAL JAIL,FREDERICKSBURG CITY,VARGRNDTX,RIO GRANDE DETENTION CENTER,RIO GRANDE DETENTION CENTER,WEBB,TXRGS,RIO GRANDE VALLEY STAGING,RIO GRANDE VALLEY STAGING,CAMERON,TXRICECKS,RICE COUNTY DETENTION CENTER,RICE COUNTY DETENTION CENTER,RICE,KSRIOCCCA,RIO COSUMNES CORR. CENTER,RIO COSUMNES CORR. CENTER,SACRAMENTO,CARNDLLTX,RANDALL COUNTY JAIL,RANDALL COUNTY JAIL,RANDALL,TXROCKIIL,ROCK ISLAND COUNTY CORRECTIONAL CENTER,ROCK ISLAND COUNTY CORRECTIONAL CENTER,ROCK ISLAND,ILROCKIVA,ROCKINGHAM COUNTY JAIL,ROCKINGHAM COUNTY JAIL,HARRISONBURG CITY,VARONKEVA,ROANOKE CITY JAIL,ROANOKE CITY JAIL,ROANOKE,VASAAHOLD,SANTA ANA DRO HOLDROOM,SANTA ANA DRO HOLDROOM,ORANGE,CASACITCA,SANTA ANA CITY JAIL,SANTA ANA CITY JAIL,ORANGE,CASACRACA,SACRAMENTO COUNTY JAIL,SACRAMENTO COUNTY JAIL,SACRAMENTO,CASALEMNJ,SALEM COUNTY CORRECTIONAL FACILITY,SALEM COUNTY CORRECTIONAL FACILITY,COUNTY,NJSAMBCMI,SAMARITAN BEHAVIORAL CENTER,SAMARITAN BEHAVIORAL CENTER,COUNTY,MISANJAIL,SANGAMON COUNTY JAIL,SANGAMON COUNTY JAIL,SANGAMON,ILSBDHOLD,SAN BERNADINO HOLD ROOM,SAN BERNADINO HOLD ROOM,SAN BERNARDINO,CASCOTTMO,SCOTT COUNTY JAIL,SCOTT COUNTY JAIL,SCOTT,MOSDHOSCA,SAN DIEGO AREA HOSPITAL,SAN DIEGO AREA HOSPITAL,SAN DIEGO,CASEBASAR,SEBASTIAN COUNTY DETENTION CENTER,SEBASTIAN COUNTY DETENTION CENTER,SEBASTIAN,ARSENECOH,SENECA COUNTY JAIL,SENECA COUNTY JAIL,SENECA,OHSFRHOLD,san francisco HOLD ROOM,SFR HOLD ROOM,SAN FRANCISCO,CASHACOKS,SHAWNEE COUNTY DEPARTMENT OF CORRECTIONS,SHAWNEE COUNTY DEPARTMENT OF CORRECTIONS,SHAWNEE,KSSHERBMN,SHERBURNE COUNTY JAIL,SHERBURNE COUNTY JAIL,SHERBURNE,MNSLRDCAZ,SAN LUIS REGIONAL DETENTION CENTER,SAN LUIS REGIONAL DETENTION CENTER,YUMA,AZSLSLCUT,SALT LAKE COUNTY METRO JAIL,SALT LAKE COUNTY METRO JAIL,SALT LAKE,UTSNAHOLD,SAN ANTONIO HOLD ROOM,SAN ANTONIO DRO HOLD ROOM,BEXAR,TXSNDCOCA,SAN DIEGO COUNTY JAIL,SAN DIEGO COUNTY JAIL,SAN DIEGO,CASNDHOLD,SAN DIEGO DISTRICT STAGING,SAN DIEGO DISTRICT STAGING,SAN DIEGO,CASTCDFTX,SOUTH TEXAS DETENTION COMPLEX,SOUTH TEXAS DETENTION COMPLEX,FRIO,TXSTCLAMI,SAINT CLAIR COUNTY JAIL,SAINT CLAIR COUNTY JAIL,SAINT CLAIR,MISTFRCTX,SOUTH TEXAS FAMILY RESIDENTIAL CENTER,SOUTH TEXAS FAMILY RESIDENTIAL CENTER,FRIO,TXSTORYIA,STORY COUNTY JAIL,STORY COUNTY JAIL,STORY,IASTRAFNH,STRAFFORD COUNTY CORRECTIONS,STRAFFORD COUNTY CORRECTIONS,STRAFFORD,NHSTTAMLA,SAINT TAMMANY PARISH JAIL,SAINT TAMMANY PARISH JAIL,SAINT TAMMANY,LASTWRTGA,STEWART DETENTION CENTER,STEWART DETENTION CENTER,STEWART,GASUFFOMA,SUFFOLK COUNTY HOUSE OF CORRECTIONS,SUFFOLK COUNTY HOUSE OF CORRECTIONS,SUFFOLK,MATELLECO,TELLER COUNTY JAIL,TELLER COUNTY JAIL,TELLER,COTENSALA,TENSAS PARISH DETENTION CENTER,TENSAS PARISH DETENTION CENTER,TENSAS,LATLACYCA,THEO LACY FACILITY,THEO LACY FACILITY,ORANGE,CATNWESDF,WESTERN TENNESSEE DETENTION FACILITY,WESTERN TENNESSEE DETENTION FACILITY,TIPTON,TNTOOELUT,TOOELE COUNTY JAIL,TOOELE COUNTY JAIL,TOOELE,UTTOORANM,TORRANCE COUNTY DETENTION FACILITY,TORRANCE COUNTY DETENTION FACILITY,TORRANCE,NMTRICOIL,TRI-COUNTY DETENTION CENTER,TRI-COUNTY DETENTION CENTER,PULASKI,ILTUCHOLD,TUCSON INS HOLD ROOM,TUCSON INS HOLD ROOM,PIMA,AZTULCOOK,TULSA COUNTY JAIL,TULSA COUNTY JAIL (DAVID L. MOSS JUSTICE CTR),TULSA,OKUSMS3TX,US MARSHALS SOUTH DISTRICT,"US MARSHALS (SOUTH DISTRICT, TEXAS)",HIDALGO,TXUTAHCUT,UTAH COUNTY JAIL,UTAH COUNTY JAIL,UTAH,UTVALVETX,VAL VERDE CORRECTIONAL FACILITY,VAL VERDE CORRECTIONAL FACILITY,VAL VERDE,TXVBHOSTX,VALLEY BAPTIST HOSPITAL,VALLEY BAPTIST HOSPITAL,CAMERON,TXVENHOLD,VENTURA CUSTODY CASE,VENTURA CUSTODY CASE,VENTURA,CAVPREGVA,VIRGINIA PENINSULA REGIONAL JAIL,VIRGINIA PENINSULA REGIONAL JAIL,JAMES CITY,VAVRK,VARICK STREET DETENTION CENTER,VARICK STREET DETENTION CENTER,NEW YORK,NYVTSTALB,NORTHWEST STATE CORRECTIONAL CENTER,NORTHWEST STATE CORRECTIONAL CENTER,FRANKLIN,VTVVGMCCA,VICTOR VALLEY GLOBAL Medical CENTER,VICTOR VALLEY GLOBAL MED CENTER,COUNTY,CAWACLATX,CENTRAL TEXAS DETENTION FACILITY,CENTRAL TEXAS DETENTION FACILITY,BEXAR,TXWAJAIMN,WASHINGTON COUNTY JAIL,WASHINGTON COUNTY JAIL,WASHINGTON,MNWAKECNC,WAKE COUNTY SHERIFF DEPARTMENT,WAKE COUNTY SHERIFF DEPARTMENT,WAKE,NCWAKULFL,WAKULLA COUNTY JAIL,WAKULLA COUNTY JAIL,WAKULLA,FLWASHCUT,PURGATORY CORRECTIONAL FACility,WASHINGTON COUNTY JAIL (PURGATORY CORRECTIONAL FAC,WASHINGTON,UTWASHOLD,WASHINGTON FIELD OFFICE,WASHINGTON FIELD OFFICE,FAIRFAX,VAWASHONV,WASHOE COUNTY JAIL,WASHOE COUNTY JAIL,WASHOE,NVWAYNENY,WAYNE COUNTY JAIL,WAYNE COUNTY JAIL,WAYNE,NYWCCPBFL,BROWARD TRANSITIONAL CENTER,BROWARD TRANSITIONAL CENTER,BROWARD,FLWCRDFTX,WILLACY CO REGIONAL DETENTION FACILITY,WILLACY CO REGIONAL DETENTION FACILITY,WILLACY,TXWEBDCTX,WEBB COUNTY DETENTION CENTER,WEBB COUNTY DETENTION CENTER (CCA),WEBB,TXWHITFGA,WHITFIELD COUNTY JAIL,WHITFIELD COUNTY JAIL,WHITFIELD,GAWORCEMD,WORCESTER COUNTY JAIL,WORCESTER COUNTY JAIL,WORCESTER,MDWSTMCCA,WESTERN MEDICAL CENTER,WESTERN MEDICAL CENTER,ORANGE,CAWTXDFTX,WEST TEXAS DETENTION FACILITY,WEST TEXAS DETENTION FACILITY,HUDSPETH,TXWVSCENT,SOUTH CENTRAL REGIONAL JAIL,SOUTH CENTRAL REGIONAL JAIL,KANAWHA,WVYAKHOLD,YAKIMA HOLDING ROOM,YAKIMA HOLDING ROOM,YAKIMA,WAYANCOSD,YANKTON COUNTY JAIL,YANKTON COUNTY JAIL,YANKTON,SDYIKIMWA,YAKIMA COUNTY DEPARTMENT OF CORRECTIONS,YAKIMA COUNTY DEPARTMENT OF CORRECTIONS,YAKIMA,WAYORCOPA,YORK COUNTY PRISON,YORK COUNTY PRISON,YORK,PAYORCOSC,YORK COUNTY DETENTION CENTER,YORK COUNTY DETENTION CENTER,YORK,SCYUBAJCA,YUBA COUNTY JAIL,YUBA COUNTY JAIL,YUBA,CAYUMHOLD,YUMA HOLDROOM,YUMA HOLDROOM,YUMA,AZwest-texas-detention-facility-tornillo-texas-2,West Texas Detention Facility,West Texas Detention Facility,Tornillo,TXsouthwest-key-casa-padre-cameron-texas-3,Southwest Key Casa Padre,Southwest Key Casa Padre,Cameron,TXsouthwest-key-san-benito-casa-antigua-cameron-texas-4,Southwest Key San Benito Casa Antigua,Southwest Key San Benito/Casa Antigua,Cameron,TXsouthwest-key-combes-cameron-texas-5,Southwest Key Combes,Southwest Key Combes,Cameron,TXsouthwest-key-el-cajon-san-diego-california-6,Southwest Key El Cajon,Southwest Key El Cajon,San Diego,CAsouthwest-key-estrella-del-norte-pima-arizona-7,Southwest Key Estrella del Norte,Southwest Key Estrella del Norte,Pima,AZsouthwest-key-phoenix-1-of-2--casa-lighthouse-maricopa-arizona-8,Southwest Key Casa Lighthouse,Southwest Key Phoenix (1 of 2) - Casa Lighthouse,Maricopa,AZsouthwest-key-casa-phoenix-2-of-2-maricopa-arizona-9,Southwest Key Casa Phoenix,Southwest Key Casa Phoenix (2 of 2),Maricopa,AZsouthwest-key-youngtown--hacienda-del-sol-maricopa-arizona-10,Southwest Key Youngtown Hacienda del Sol,Southwest Key Youngtown - Hacienda del Sol,Maricopa,AZsouthwest-key-glendale-maricopa-arizona-11,Southwest Key Glendale,Southwest Key Glendale,Maricopa,AZsouthwest-key-conroe-montgomery-texas-12,Southwest Key Conroe,Southwest Key Conroe,Montgomery,TXjoe-corley-detention-facility-montgomery-texas-13,Joe Corley Detention Facility,Joe Corley Detention Facility,Montgomery,TXsouthwest-key-casa-quetzal-harris-texas-14,Southwest Key Casa Quetzal,Southwest Key Casa Quetzal,Harris,TXsouthwest-key-casa-blanca-bexar-texas-15,Southwest Key Casa Blanca,Southwest Key Casa Blanca,Bexar,TXsouthwest-key-casa-montezuma-harris-texas-16,Southwest Key Casa Montezuma,Southwest Key Casa Montezuma,Harris,TXsouthwest-key-casa-el-presidente-cameron-texas-17,Southwest Key Casa El Presidente,Southwest Key Casa El Presidente,Cameron,TXsouthwest-key-casa-grande-cameron-texas-18,Southwest Key Casa Grande,Southwest Key Casa Grande,Cameron,TXsouthwest-key-casa-franklin-el-paso-texas-19,Southwest Key Casa Franklin,Southwest Key Casa Franklin,El Paso,TXsouthwest-key-nueva-esperanza-cameron-texas-20,Southwest Key Nueva Esperanza,Southwest Key Nueva Esperanza,Cameron,TXsouthwest-key-casa-houston-reliant-harris-texas-21,Southwest Key Casa Houston Reliant,Southwest Key Casa Houston Reliant,Harris,TXsouthwest-key-shelter-care-el-paso-texas-22,Southwest Key Shelter Care,Southwest Key Shelter Care,El Paso,TXsouthwest-key-casita-del-valle-el-paso-texas-23,Southwest Key Casita del Valle,Southwest Key Casita del Valle,El Paso,TXsouthwest-key-pleasant-hill-contra-costa-california-24,Southwest Key Pleasant Hill,Southwest Key Pleasant Hill,Contra Costa,CAsouthwest-key-las-palmas-maricopa-arizona-25,Southwest Key Las Palmas,Southwest Key Las Palmas,Maricopa,AZsouthwest-key-lemon-grove-san-diego-california-26,Southwest Key Lemon Grove,Southwest Key Lemon Grove,San Diego,CAsouthwest-key-la-esperanza-home-for-boys-cameron-texas-27,Southwest Key La Esperanza Home for Boys,Southwest Key La Esperanza Home for Boys,Cameron,TXsouthwest-key-campbell-maricopa-arizona-28,Southwest Key Campbell,Southwest Key Campbell,Maricopa,AZshiloh-treatment-center-brazoria-texas-29,Shiloh Treatment Center,Shiloh Treatment Center,Brazoria,TXshenendoah-valley-juvenile-center-augusta-virginia-30,Shenendoah Valley Juvenile Center,Shenendoah Valley Juvenile Center,Augusta,VAla-salle-county-regional-detention-center-la-salle-texas-31,La Salle County Regional Detention Center,La Salle County Regional Detention Center,La Salle,TXalice-peterson-residence-maricopa-arizona-32,Alice Peterson Residence,Alice Peterson Residence,Maricopa,AZdorothy-mitchell-residence-maricopa-arizona-33,Dorothy Mitchell Residence,Dorothy Mitchell Residence,Maricopa,AZmsgr-bryan-walsh-s-children-s-village-miami-dade-florida-34,Msgr. Bryan Walsh's Children's Village,Msgr. Bryan Walsh's Children's Village,Miami-Dade,FLboard-of-childcare-baltimore-maryland-35,Board of Childcare,Board of Childcare,Baltimore,MDbrazoria-county-youth-homes-brazoria-texas-36,Brazoria County Youth Homes,Brazoria County Youth Homes,Brazoria,TXgalveston-multicultural-institute-galveston-texas-37,Galveston Multicultural Institute,Galveston Multicultural Institute,Galveston,TXthe-pelican-island-center-galveston-texas-38,The Pelican Island Center,The Pelican Island Center,Galveston,TXbethany-children-s-home-berks-pennsylvania-39,Bethany Children's Home,Bethany Children's Home,Berks,PAyolo-county-juvenile-detention-center-yolo-california-40,Yolo County Juvenile Detention Center,Yolo County Juvenile Detention Center,Yolo,CAchildren-s-home-of-kingston-ulster-new-york-41,Children's Home of Kingston,Children's Home of Kingston,Ulster,NYleake-and-watts-passages-of-hope-westchester-new-york-42,Leake and Watts Passages of Hope,Leake and Watts Passages of Hope,Westchester,NYgriffin-home-residential-programs--maceachern-house-washington-43,Griffin Home Residential Programs - Maceachern House,Griffin Home Residential Programs - Maceachern House,,WAhis-house-children-s-home-miami-dade-florida-44,His House Children's Home,His House Children's Home,Miami-Dade,FLhomestead-temporary-shelter-for-unaccompanied-children-florida-45,Homestead Temporary Shelter for Unaccompanied Children,Homestead Temporary Shelter for Unaccompanied Children,,FLholy-family-institute-allegheny-pennsylvania-46,Holy Family Institute,Holy Family Institute,Allegheny,PAinwood-house-the-children-s-village-bronx-new-york-47,Inwood House The Children's Village,Inwood House/The Children's Village,Bronx,NYmcallen-station-hildago-texas-48,McAllen Station,McAllen Station,Hildago,TXlincoln-hall-lincolndale-new-york-49,Lincoln Hall,Lincoln Hall,Lincolndale,NYsafe-haven-new-york-50,Safe Haven,Safe Haven,,NYbokenkamp-children-s-shelter-nueces-texas-51,Bokenkamp Children's Shelter,Bokenkamp Children's Shelter,Nueces,TXmercy-first-nassau-new-york-52,Mercy First,Mercy First,Nassau,NYmorrison-paso-staff-secure-multnomah-oregon-53,Morrison Paso Staff Secure,Morrison Paso Staff Secure,Multnomah,ORmorrison-knott-street-multnomah-oregon-54,Morrison Knott Street,Morrison Knott Street,Multnomah,ORnuevo-amanecer-latino-children-s-services-los-angeles-california-55,Nuevo Amanecer Latino Children's Services,Nuevo Amanecer Latino Children's Services,Los Angeles,CAneighbor-to-family--mia-office-broward-florida-56,Neighbor to Family Miami,Neighbor to Family - MIA (office),Broward,FLneighbor-to-family--atl-office-fulton-georgia-57,Neighbor to Family Atlanta,Neighbor to Family - ATL (office),Fulton,GAnew-hope-children-s-shelter-hildago-texas-58,New Hope Children's Shelter,New Hope Children's Shelter,Hildago,TXnoank-community-support-services-office-new-london-connecticut-59,Noank Community Support Services,Noank Community Support Services (office),New London,CTpioneer-human-services-pierce-washington-60,Pioneer Human Services,Pioneer Human Services,Pierce,WAseton-home-bexar-texas-61,Seton Home,Seton Home,Bexar,TXst-peter-st-joseph-s-children-s-home-bexar-texas-62,St. Peter St. Joseph's Children's Home,St. Peter St. Joseph's Children's Home,Bexar,TXtumbleweed-shelter-for-youth-maricopa-arizona-63,Tumbleweed Shelter For Youth,Tumbleweed Shelter For Youth,Maricopa,AZelizabeth-contract-detention-facility-union-new-jersey-64,Elizabeth Contract Detention Facility,Elizabeth Contract Detention Facility,Union,NJyouth-for-tomorrow-prince-william-virginia-65,Youth for Tomorrow,Youth for Tomorrow,Prince William,VAkarnes-county-residential-center-66,Karnes County Residential Center,Karnes County Residential Center,,assessment-center-of-tarrant-county-67,Assessment Center of Tarrant County,Assessment Center of Tarrant County,,bcfs-baptist-child-and-home-ministries-bexas-texas-68,BCFS Baptist Child and Home Ministries,BCFS Baptist Child and Home Ministries,Bexas,TXbcfs-hhs-international-children-s-services-emergency-69,BCFS HHS International Children's Services Emergency,BCFS HHS International Children‰Ûªs Services Emergency,,bcfs-hhs-international-children-s-services-emergency-70,BCFS HHS International Children's Services Emergency,BCFS HHS International Children's Services Emergency,,bcfs-hhs-international-children-s-services-71,BCFS -HHS International Children's Services,BCFS -HHS International Children's Services,,bcfs-international-children-s-shelter-72,BCFS International Children's Shelter,BCFS International Children's Shelter,,bchm-region-children-s-assessment-center-73,BCHM Region Children's Assessment Center,BCHM Region Children's Assessment Center,,southwest-key-houston-74,Southwest Key Houston,Southwest Key Houston,,st-michaels-home-for-children-75,St. Michaels Home for Children,St. Michaels Home for Children,,st-michaels-home-for-children-ii-76,St. Michaels Home for Children II,St. Michaels Home for Children II,,